id,weight,is_expansion,reimplements,version_count
224517,3.869,False,True,30
161936,2.8295,False,True,35
342942,3.7874,False,False,34
174430,3.9156,False,False,28
233078,4.3356,False,True,14
316554,3.0664,False,False,19
167791,3.2661,False,False,37
115746,4.2235,False,True,21
187645,3.7461,False,False,16
397598,3.5046,False,False,14
162886,4.0781,False,False,38
291457,3.6374,False,False,18
220308,4.4,False,True,19
12333,3.6128,False,False,39
182028,4.4408,False,True,17
84876,2.9721,False,False,9
193738,3.6967,False,False,24
246900,3.6508,False,True,13
169786,3.4509,False,False,28
28720,3.8504,False,False,23
173346,2.2255,False,True,66
295770,4.4073,False,False,12
167355,3.4824,False,False,25
266507,2.7358,False,True,7
177736,3.8625,False,False,22
124361,2.9883,False,False,28
341169,3.7105,False,True,16
312484,2.9314,False,False,26
205637,3.5594,False,False,11
237182,3.8287,False,False,34
421006,2.0641,False,True,17
192135,3.8648,False,False,15
120677,3.9757,False,False,18
373106,2.0452,False,False,31
266192,2.4741,False,False,42
164928,3.0147,False,False,27
338960,2.9059,False,False,11
96848,4.371,False,False,19
251247,4.1173,False,False,18
418059,3.7779,False,False,15
199792,2.826,False,False,32
324856,2.039,False,True,17
183394,2.8934,False,True,20
321608,4.2239,False,False,6
366013,2.1992,False,False,22
285774,2.9481,False,False,10
521,1.2233,False,False,47
284378,4.2962,False,True,14
175914,4.1896,False,False,17
247763,3.5809,False,False,20
256960,3.8476,False,True,18
253344,2.487,False,False,15
184267,4.6306,False,False,14
314040,3.1637,False,True,13
185343,4.0,False,False,22
383179,4.2609,False,True,13
251661,3.6852,False,False,6
161533,4.5703,False,False,14
255984,3.2521,False,False,16
231733,3.096,False,False,14
221107,3.2478,False,True,24
365717,2.5022,False,True,11
414317,2.0,False,False,21
125153,4.2191,False,False,15
390092,2.5818,False,True,14
55690,4.272,False,False,3
240980,3.0458,False,False,7
380607,4.0071,False,True,13
332772,3.4506,False,False,14
322289,3.9037,False,False,14
159675,3.8463,False,False,11
366161,2.6695,False,False,21
256916,3.0146,False,True,6
277659,2.7368,False,True,8
337627,4.592,False,True,15
359871,3.4198,False,False,10
271055,3.2554,False,False,10
264220,3.3619,False,False,22
310100,3.9098,False,True,17
227935,3.045,False,False,17
218417,2.9268,False,False,10
359609,3.7616,False,True,12
175640,4.0051,False,True,8
325494,3.6645,False,False,13
396790,4.1836,False,False,14
367966,2.9021,False,True,11
235802,4.0368,False,False,4
364011,3.9179,False,True,12
332686,4.4583,False,True,11
188,3.912,False,False,80
299659,3.7143,False,True,10
256680,2.6515,False,True,6
358661,3.7185,False,True,11
241451,2.8367,False,False,7
91,3.8528,False,False,15
270633,2.9296,False,False,5
400602,4.2162,False,False,10
262211,4.3876,False,False,4
332800,2.569,False,True,9
349067,3.5615,False,True,9
367150,3.6418,False,False,10
308119,4.6443,False,True,4
342810,3.4091,False,False,10
276182,3.4321,False,False,6
311988,4.3894,False,False,14
391137,3.9231,False,False,8
356080,4.014,False,False,9
354934,2.8976,False,False,8
206480,4.0556,False,False,11
335764,2.087,False,True,11
186751,3.0606,False,True,3
219650,3.299,False,False,1
367498,3.5164,False,False,6
175095,3.7919,False,True,6
169427,4.1436,False,False,5
242705,4.7487,False,False,1
386368,3.8268,False,False,7
295564,1.9714,False,True,0
284777,1.9677,False,True,2
368305,2.8318,False,False,7
130960,3.4127,False,False,3
281655,4.8206,False,True,8
436126,2.3462,False,True,14
341945,3.4713,False,True,10
286063,2.975,False,False,2
354570,2.6078,False,True,6
29603,3.4826,False,False,5
11825,4.3894,False,False,6
404431,3.6923,False,False,5
227460,3.8824,False,True,7
313889,3.5319,False,False,7
420033,2.3627,False,False,4
267609,3.35,False,True,2
371433,2.2879,False,False,10
358320,2.9565,False,True,8
354544,2.2963,False,True,11
415776,2.2203,False,False,7
342444,3.6753,False,False,12
326945,2.5909,False,True,2
303731,3.8411,False,False,2
296345,2.2941,False,False,5
380619,2.8939,False,True,16
367518,4.0133,False,False,2
242722,4.5696,False,True,5
284121,3.7381,False,False,3
299317,2.96,False,False,3
373600,2.6774,False,False,9
281526,3.1591,False,False,2
347811,3.7826,False,False,2
434654,1.4925,False,False,5
318472,3.7708,False,True,4
254127,4.6867,False,False,3
295785,3.5234,False,True,5
345976,3.4737,False,False,12
270871,3.3067,False,False,3
2397,2.0079,False,False,176
393429,2.4783,False,False,10
268012,3.3667,False,False,5
63170,4.787,False,False,4
424219,2.4035,False,False,4
422541,4.0194,False,False,2
388367,3.2222,False,True,2
392449,2.1304,False,True,7
397931,2.3871,False,False,6
386166,1.6522,False,True,3
183685,4.2523,False,False,2
425549,2.1515,False,False,1
415945,2.375,False,True,11
162009,3.8636,False,False,2
383010,2.6923,False,True,2
383469,2.0,False,True,11
420498,3.1667,False,False,3
240271,2.9429,False,False,2
364655,2.8,False,False,7
355200,2.5,False,True,5
446497,1.3043,False,False,1
360366,3.3158,False,True,7
212346,3.5556,False,False,1
425005,2.8182,False,True,8
261393,4.3333,False,False,3
431038,2.3846,False,False,15
381247,2.6176,False,False,4
68820,4.2577,False,False,2
349750,3.6747,False,False,1
345266,2.68,False,False,3
377969,2.0,False,False,4
233261,2.9722,False,False,1
31790,3.3235,False,False,3
219217,2.8113,False,False,3
408637,3.98,False,False,3
273814,3.1346,False,False,3
436217,3.0339,False,True,14
281515,3.0889,False,False,1
431305,2.8333,False,True,6
392492,3.2857,False,False,7
331398,3.3226,False,False,1
424981,2.7222,False,False,4
264476,2.2778,False,False,8
373667,2.7879,False,False,7
408636,2.5484,False,False,5
426513,3.0444,False,False,2
287871,4.2041,False,False,3
396895,2.875,False,False,2
420914,2.1053,False,False,1
437306,2.4,False,True,5
424573,2.0741,False,False,9
432527,2.2308,False,True,3
266529,3.1579,False,False,3
367527,4.5102,False,True,1
381246,3.7838,False,False,8
325096,3.7333,False,False,1
336195,4.1695,False,False,4
99358,3.6667,False,True,2
314577,4.5667,False,True,2
317519,2.625,False,True,4
424784,1.4,False,True,10
391752,2.28,False,False,2
178896,3.7826,False,False,1
215565,3.6667,False,True,1
358636,3.2632,False,False,1
209877,3.1905,False,True,1
414117,2.125,False,False,4
409978,3.3824,False,False,1
419130,1.95,False,False,9
360641,3.8636,False,True,2
411860,2.3333,False,True,8
387560,2.5,False,False,8
371330,3.7143,False,False,5
411861,2.4,False,True,8
431248,1.4167,False,False,9
349369,2.0286,False,False,8
420915,1.9,False,True,1
432716,1.8667,False,False,4
424816,1.25,False,True,14
421823,3.087,False,False,7
428635,2.0,False,True,1
401325,2.2,False,False,12
368557,2.5,False,False,2
411033,1.8667,False,True,2
433384,2.5625,False,False,6
373701,4.2979,False,True,7
375459,4.0548,False,False,5
449185,1.8333,False,False,2
447243,1.7778,False,False,16
428440,2.2,False,False,6
449185,1.8333,False,False,2
419642,2.0,False,False,4
428440,2.2,False,False,6
372831,2.7083,False,False,3
447243,1.7778,False,False,16
408280,2.0,False,False,1
420931,2.1667,False,False,2
370210,1.9,False,False,1
382894,3.1176,False,True,5
354768,1.8333,False,False,4
386447,2.4167,False,False,1
429861,2.1667,False,False,2
383496,2.4444,False,True,6
401636,1.4545,False,False,2
415465,2.2222,False,False,1
423553,2.75,False,False,1
406232,3.25,False,False,4
296578,3.9091,False,True,1
411202,2.25,False,False,1
363547,2.875,False,False,1
429851,2.1818,False,False,2
421762,1.8889,False,False,3
383172,1.75,False,False,2
368789,2.4286,False,False,2
165694,4.54,False,False,1
372967,3.4483,False,False,2
330152,2.1333,False,True,1
402817,2.6,False,False,1
415524,2.4286,False,False,2
419645,2.0,False,False,4
403150,3.5294,False,False,5
372571,3.7857,False,False,1
435423,1.5,False,True,1
347909,2.5263,False,False,1
429767,1.7,False,False,1
428787,2.0,False,False,1
329534,2.0833,False,False,1
416232,1.875,False,True,1
412731,1.6667,False,False,2
364356,3.1739,False,True,1
418062,1.5,False,False,2
402814,2.6,False,False,1
417518,1.25,False,False,2
405719,3.25,False,False,4
405994,3.1176,False,False,1
439107,2.3333,False,True,1
391549,3.9231,False,False,1
400498,1.1667,False,True,3
444481,2.6,False,True,10
434356,2.3,False,False,1
415181,2.3333,False,True,2
274525,2.8,False,False,5
357873,3.4231,False,False,4
419378,1.75,False,False,1
436821,3.4286,False,True,4
345684,3.5,False,False,1
437261,1.0,False,False,6
430611,2.0,False,False,2
436936,2.0,False,True,1
380681,3.4,False,False,4
415078,2.8571,False,False,3
399115,2.25,False,True,1
383190,1.6,False,False,1
411894,3.2,False,False,1
429186,2.75,False,False,4
430563,2.3,False,False,3
414595,2.75,False,False,1
395834,2.6,False,False,2
434367,3.5714,False,True,5
406454,2.0,False,False,1
434906,2.25,False,False,3
386860,1.1667,False,False,2
434906,2.25,False,False,3
397099,3.1667,False,False,1
379761,3.0769,False,False,2
274471,3.25,False,False,3
399318,0.0,False,False,1
408828,1.75,False,True,2
358912,2.4,False,False,1
438402,3.0,False,True,2
421165,2.4444,False,False,2
407233,2.1111,False,False,1
428989,2.6364,False,False,3
390478,3.4167,False,True,1
395771,4.32,False,False,1
297510,4.3478,False,False,1
400817,3.3333,False,False,1
393880,2.8,False,False,1
390478,3.4167,False,True,1
436931,1.75,False,False,1
436055,2.4,False,False,1
425445,4.0,False,False,3
368552,3.0,False,True,1
426713,3.1053,False,False,1
438685,1.8333,False,False,1
345014,2.3333,False,False,1
389113,3.0,False,False,1
425765,2.0,False,False,1
410238,2.0,False,False,1
392756,2.75,False,False,2
376753,3.1818,False,False,1
410518,2.5,False,False,1
415848,0.0,False,False,3
423649,3.0,False,False,1
415815,2.1111,False,True,1
375275,2.2857,False,False,3
405398,2.0,False,False,1
379055,2.75,False,False,3
348599,2.5,False,False,1
368540,3.0,False,False,1
241068,3.1667,False,False,1
383117,2.0,False,False,1
434222,2.1667,False,True,9
358079,3.1667,False,False,7
417219,2.9,False,True,2
414927,1.75,False,False,1
409105,3.0,False,False,1
428231,3.3333,False,False,1
432715,3.6667,False,False,4
379906,2.0,False,False,1
417542,2.5,False,False,9
425276,0.0,False,True,3
414546,2.3333,False,False,5
299594,2.3333,False,False,1
394217,3.0,False,False,1
371842,2.6667,False,False,1
432261,3.0,False,False,1
421246,3.0,False,False,1
396381,3.0,False,False,1
394218,3.0,False,False,1
447670,0.0,False,True,10
420311,0.0,False,False,1
402503,0.0,False,False,1
429378,3.0,False,False,1
418826,3.0,False,False,3
423579,3.0,False,False,1
412728,3.0,False,False,1
319889,4.3333,False,False,1
445856,0.0,False,False,1
393909,2.0,False,False,2
430446,3.5,False,False,1
431098,3.0,False,False,1
438175,1.0,False,False,1
